name,basicFoodId,group,category,countName,countToGram,tbspToGram,caloriesPer100Gram,proteinPer100Gram,alias
American cheese,35a3a1ad-6829-40aa-b94b-9bfda77a3c84,Dairy,Cheese,slice,21,7.0625,180,24.6,
Asiago cheese,41042ff4-621d-4d7f-a9ab-62210eaa4325,Dairy,Cheese,,,,464,25,
Blue cheese,06e93fa7-b814-46e0-949d-dc5b4c7ffd1f,Dairy,Cheese,,,8.44,353,21.4,
Brie cheese,5074d94c-59b1-4785-aeea-34d0cab52b49,Dairy,Cheese,,,9,334,20.8,
Buffalo milk cheese,e61603eb-e150-4c2a-8c1a-c5aa75663b45,Dairy,Cheese,,,8.25,282.2,17.6,
Camembert cheese,c7d09ba8-4fd7-46b6-aa70-6d7ce5d4624a,Dairy,Cheese,,,15.38,300,19.8,
Cheddar cheese,8792cde0-7c65-4a08-bba2-8d9849722da8,Dairy,Cheese,slice,28,7.0625,406,24,
Chihuahua cheese,0fa8dea0-fd0b-4969-bd7b-593320381172,Dairy,Cheese,slice,28,7.0625,375,22,
Colby cheese,a34e509d-c003-4a81-bd4d-97878f63b696,Dairy,Cheese,,,7.0625,394,23.8,
Cotija cheese,04c22000-9f05-450e-a1d5-416038d4e130,Dairy,Cheese,,,9.38,357.1,21.4,
Cream cheese,dbf4f476-ec17-4cb7-968a-0ad5f17cc340,Dairy,Cheese,,,14.5,342,5.9,
Edam cheese,0a28ff53-087f-45c8-8613-55ca403db11c,Dairy,Cheese,,,7.0625,357,25,
Emmentaler cheese,2a67e083-5dab-4e48-bb07-3006d077a74c,Dairy,Cheese,slice,28,6.75,388,30.4,
Epoisses cheese,6c037075-b383-4a1c-b96c-6dbc0077cbf3,Dairy,Cheese,,,9,290,17,
Feta cheese,822aa8be-4991-4943-9b49-8725ee73755e,Dairy,Cheese,,,9.38,264,14.2,
Fontina cheese,71c38d58-dd72-4cd9-816d-32157ccafe7a,Dairy,Cheese,slice,28,6.75,389,25.6,
Goat cheese,db9de03c-eaeb-4ed0-aeb0-6b39e5dbbebc,Dairy,Cheese,,,15,264,18.5,
Gorgonzola cheese,65ad9055-7ac7-4bc0-b88c-5d7042ea92db,Dairy,Cheese,slice,28,7.0625,350,21,
Gouda cheese,bec07bc7-2a98-426f-89c7-73c0b13c1982,Dairy,Cheese,,,6.75,356,24.9,
Gruyere cheese,9e733abe-c562-432a-8867-bdfeb7e545a8,Dairy,Cheese,slice,28,7.0625,413,29.8,
Havarti cheese,37bf3aea-14e2-4128-a75f-ad4d10eb53ad,Dairy,Cheese,slice,28,7.0625,368.4,26.3,
Jarlsberg cheese,59813844-2802-442f-9e5c-23fd70d9d43b,Dairy,Cheese,slice,28,7.0625,352.7,24.7,
Manchego cheese,aab417fb-0512-49f5-a96f-09a7aa3913af,Dairy,Cheese,,,6.75,400,23.3,
Mexican blend,a73d29ab-9927-494a-95ca-b38ff9f02e9f,Dairy,Cheese,,,7.0625,282,24.7,
Monterey Jack cheese,31ac72f9-251c-44cc-be71-7bbd5973decb,Dairy,Cheese,slice,28,7.0625,373,24.5,
Mozzarella cheese,47acdad9-7991-4291-af00-a019ed9db96a,Dairy,Cheese,,,8.25,254,24.3,
Muenster cheese,707dafdd-9504-429f-9ed9-d99638af0e3b,Dairy,Cheese,slice,28,7.0625,368,23.4,
Neufchatel cheese,b8a766b6-c0b1-4fcd-b11f-09f849f9b496,Dairy,Cheese,,,15,253,9.2,
Parmesan cheese,2a15735e-fc18-40f1-a05e-d42da325abfb,Dairy,Cheese,,,5,415,37.9,
Pecorino Romano cheese,406d0cc5-8e93-464e-b8fb-2fd1417a545b,Dairy,Cheese,,,6.25,387,31.8,
Provolone cheese,c835e6d9-c734-4092-8233-18f7cd353fd1,Dairy,Cheese,slice,28,8.25,351,25.6,
Ricotta cheese,6b42376b-fa0e-4ba4-93c7-75d9657f311f,Dairy,Cheese,,,15.5,138,11.4,
Roquefort cheese,7b725ee6-e10b-49d3-88f2-b6c35e172d76,Dairy,Cheese,,,9,369,21.5,
Stilton cheese,586f15cb-8459-4bfb-8c18-936573734c6f,Dairy,Cheese,,,15.38,433.9,24.7,
Swiss cheese,7e5aa1b3-4a07-4520-8ec5-a133c0bb8126,Dairy,Cheese,slice,28,6.75,380,26.9,
Cottage cheese (1%),31c964a4-db12-402a-b6db-c9bd8bd2abc9,Dairy,Cottage cheese,,,14.13,72,12.4,
Cottage cheese (2%),add43ccc-65ef-4e6b-839e-645cec06e090,Dairy,Cottage cheese,,,14.13,81,10.5,
Buttermilk,60f01795-e1c4-4ef1-9613-204bcc33e9a1,Dairy,Milk,,,15.31,40,3.3,
Milk (1%),01f50b3b-f473-49a5-8cc2-06341dc96b57,Dairy,Milk,,,15,42,3.4,
Milk (2%),e9344307-dce7-4cfd-b483-b03c4d35e144,Dairy,Milk,,,15,50,3.3,
Skim milk,62494ea9-f6b4-4023-9329-90bc43b9e5c1,Dairy,Milk,,,15,34,3.4,
Whole milk,8a9c0db4-bad9-454b-95ad-f703633deeac,Dairy,Milk,,,15,61,3.2,
Almond milk,703d88d0-f9b8-4792-973b-a8dc74e33ee1,Dairy,Nut milk,,,15,25,0.42,
Cashew milk,06239b33-78c2-460d-acfd-f96fb390290c,Dairy,Nut milk,,,15,10.42,0.42,
Coconut milk,e24d4279-2325-4323-81b3-bddbe2fc3886,Dairy,Nut milk,,,15,29.12,0,
Flax milk,2cbbe378-4496-4c4d-b71c-8133171d3683,Dairy,Nut milk,,,15,20.83,0,
Hemp milk,11e83e88-3685-4c2d-8ba8-06fdfc9a6d09,Dairy,Nut milk,,,15,34.58,1.96,
Macadamia nut milk,7ab2ee35-558c-49f7-b373-dd28bca8eaaa,Dairy,Nut milk,,,15,24,0.42,
Oat milk,a94e90ae-47d7-413d-8366-f5ee483edf49,Dairy,Nut milk,,,15,50,0.42,
Rice milk,f50c1f53-8108-4c36-824c-d09b39526254,Dairy,Nut milk,,,15,46.67,0.29,
Soy milk,6fa5a5ad-21b6-42a5-b4ee-147036716374,Dairy,Nut milk,,,15,45.83,3.33,
Quark,d39b7e01-deb3-4cbf-87c7-65d2d27ff4f1,Dairy,Quark,,,10.8,72.2,13.5,
Greek yogurt (2%),a71aa06b-f828-475d-ae91-88620a060b36,Dairy,Yogurt,,,15,70,10,
Greek yogurt (non-fat),9a7d980d-5588-4baa-a528-26612553a0f9,Dairy,Yogurt,,,15,59,10.2,
Greek yogurt (whole),bf0aa8f1-6ea2-4edc-a516-52167df9f90e,Dairy,Yogurt,,,15,141,8.2,
Plain yogurt (low-fat),7d2d88a7-bc8b-4ed5-a810-a4dd4db7eac1,Dairy,Yogurt,,,15,63,5.3,
Plain yogurt (non-fat),c6cf12f9-671d-4bef-9d8e-929ee16fdc87,Dairy,Yogurt,,,15,56,6.7,
Plain yogurt (whole),5405765a-b06c-44cd-833b-2c2fccca0b7c,Dairy,Yogurt,,,15,61,3.5,
Almond butter,4c483260-b91d-4361-883f-578c51c0e7d3,Fat or sugar,Butter,,,16,614,21,
Butter,eba1b354-c878-474f-b08c-27691b208978,Fat or sugar,Butter,,,14.2,717,0.9,
Cashew butter,ba859351-36db-4278-b026-06feab85918f,Fat or sugar,Butter,,,16,587,17.6,
Cocoa butter,9b4c88e2-ea0b-4e9c-a16f-40b89b0473f5,Fat or sugar,Butter,,,13.6,884,0,
Ghee,b87a758c-d05c-4020-b64e-4225765f6d53,Fat or sugar,Butter,,,15,866.67,0,
Peanut butter,d49db2ff-94a3-4220-94d8-42b95ae815e7,Fat or sugar,Butter,,,16,589,24.1,
Shortening,39333ac9-ee4d-45a6-8ec3-fe3e8964eed8,Fat or sugar,Butter,,,11,909,0,
Sunflower seed butter,8d0ae5d6-b894-492e-b2aa-4221e8c0ad6a,Fat or sugar,Butter,,,16,617,17.3,
Tahini,32954b48-783b-4b53-b860-2fb56a317f06,Fat or sugar,Butter,,,15,592,17.4,
Half and half,049eb34f-faf0-4477-b7a3-3de8e2070911,Fat or sugar,Cream,,,15,130,3,
Heavy cream,603ecb93-7e95-49cb-86f5-66b1ebe9d036,Fat or sugar,Cream,,,15,345,2.1,
Whipped cream,180f2ee5-414f-4e7a-9c30-35390185913a,Fat or sugar,Cream,,,3,257,3.2,
Mayonnaise (full-fat),05988298-215f-46ae-a825-ea008836f08b,Fat or sugar,Mayonnaise,,,13.8,680,1,
Mayonnaise (light),7d38e4a7-dcbb-4407-aa47-efef6de5874a,Fat or sugar,Mayonnaise,,,15,238,0.4,
Almonds,95791dba-633d-412e-bcfb-6362017330a4,Fat or sugar,Nut,,,8.94,579,21.2,
Brazil nuts,291363ab-509f-4124-839c-061aef3ba1ed,Fat or sugar,Nut,nut,5,8.31,659,14.3,
Cashews,dd7ba2e9-053c-4eff-9642-18260cb7d51c,Fat or sugar,Nut,,,8.56,553,18.2,
Hazelnuts,cfb70dbe-ea05-4d49-8532-d1905ed72a25,Fat or sugar,Nut,nut,1.4,7.19,630,15,
Macadamias,77fb6084-85ea-46c5-aa69-6ea7fcebcc85,Fat or sugar,Nut,nut,2.6,8.38,718,7.9,
Peanuts,7a5cac56-a360-4720-b529-33a07b246751,Fat or sugar,Nut,,,9.13,567,25.8,
Pecan,295265e8-26d2-48ec-b7b8-11fdcd887e2c,Fat or sugar,Nut,nut,1.5,6.19,691,9.2,
Pine nuts,3a23c671-6122-4806-830f-54cf6c457059,Fat or sugar,Nut,nut,0.17,8.44,673,13.7,
Pistachios,bd094570-087c-4a9f-89d1-c66c052dd2af,Fat or sugar,Nut,nut,0.7,7.69,562,20.3,
Walnuts,46a3931f-e053-463d-bb14-4b3d3b85ac90,Fat or sugar,Nut,,,7.8,619,24.1,
Coconut oil,81458d6e-1553-418f-8e20-d0ef4179f5ec,Fat or sugar,Oil,,,13.6,862,0,
Lard,e75753bd-f909-4d98-b6b6-8a08744309b5,Fat or sugar,Oil,,,12.8,902,0,
Oil,054af21c-5f31-40f8-9cca-972397a17d32,Fat or sugar,Oil,,,13.5,884,0,
Chia seeds,167f7e4a-512d-49ea-9c7d-4ee5ad7f37c0,Fat or sugar,Seed,,,12,486,16.5,
Flax seeds,26884845-cf2d-41c1-974a-f0478d1379b5,Fat or sugar,Seed,,,10.3,534,18.3,
Hemp seeds,87dd2775-f497-4d5d-83c0-4259bfaaa7b3,Fat or sugar,Seed,,,10,553,31.7,
Poppy seeds,f7299cd8-00ac-4666-aa73-c44ba110b8f1,Fat or sugar,Seed,,,8.8,525,18,
Pumpkin seeds,b283585a-4e24-461d-9aab-9e8370d83d77,Fat or sugar,Seed,,,8.06,559,30.2,
Sesame seeds,a4be13b1-e81e-4fe2-a0d7-1d74253d691a,Fat or sugar,Seed,,,9,573,17.7,
Sunflower seeds,3e53e438-8b2a-44e1-b552-26840e767688,Fat or sugar,Seed,,,9,584,20.8,
Sour cream (full-fat),f2ae256f-f9b2-4829-9c2f-cb5df33c5cbf,Fat or sugar,Sour cream,,,15,193,2.1,
Sour cream (light),65ffe48f-b18e-4ccd-9495-a4e95e46f10e,Fat or sugar,Sour cream,,,15,136,3.5,
Agave syrup,e7fc3993-4e47-45f8-a9d4-6390a99439cc,Fat or sugar,Sweetener,,,,310,0.1,
Aspartame,15a51eb6-a6bf-4a7a-8fab-cc8a34a93109,Fat or sugar,Sweetener,,,10.5,0,0,
Brown sugar,17d27034-1174-4e6b-9ffe-5e78fb74ee1b,Fat or sugar,Sweetener,,,,380,0,
Cane sugar,8612ed68-0066-48b9-a604-a5ba6b83a740,Fat or sugar,Sweetener,,,12.5,400,0,
Coconut sugar,e8195b61-302b-4ac1-ad1c-00f4955920d7,Fat or sugar,Sweetener,,,12.5,400,0,
Erythritol,f0ec42cb-4425-451d-9a03-461e97080b83,Fat or sugar,Sweetener,,,12,24,0,
Honey,105eacd7-6279-4606-8f26-5e9e886de220,Fat or sugar,Sweetener,,,21,304,0.3,
Maple syrup,150a8704-a0bb-4809-96e8-e7d8c3a6e6fd,Fat or sugar,Sweetener,,,20,260,0,
Molasses,052af3e3-f706-49d6-8782-e11cadbdd5e6,Fat or sugar,Sweetener,,,,290,0,
Stevia,1a3a6b61-c93b-4dbd-92f9-fc5cc8e138b8,Fat or sugar,Sweetener,,,4.032,0,0,
Sucralose,e220d05c-da0f-469c-b5d1-9b763927504a,Fat or sugar,Sweetener,packet,1,10.5,0,0,
Sugar,b2c4f38a-e962-44d5-9cab-ef9a24ea0c47,Fat or sugar,Sweetener,,,12.5,400,0,
Xylitol,e3d65d33-93b4-42f7-b9a0-696a8971c2d3,Fat or sugar,Sweetener,,,12,240,0,
Apple chips,65126e8b-cd65-4a30-b3b1-52f87931a387,Fruit,Dried fruit,piece,4.45,,385,2.5,
Banana chips,f1daa094-56ea-4058-bb7a-b3b9af8f1119,Fruit,Dried fruit,piece,1.904,,507.5,2.5,
Dried apricots,f45165e2-fc60-43f8-bcd6-be13a03b239f,Fruit,Dried fruit,,,7.5,245,2.5,
Dried blueberries,141fffc9-b678-49d3-a906-cf4fa8eb0fef,Fruit,Dried fruit,,,7.5,322.5,5,
Dried cherries,5ea79961-9352-4476-9d77-0041a989ecc5,Fruit,Dried fruit,,,7.5,350,5,
Dried cranberries,264d18a6-1cf0-4f61-8883-97b93c0fbf13,Fruit,Dried fruit,,,7.5,337.5,0,
Dried currants,e6d36065-8f3d-41cd-a77d-cfa188383e45,Fruit,Dried fruit,,,7.5,300,2.5,
Dried figs,1a94697a-d4ec-4214-8f9a-f6ad69c72675,Fruit,Dried fruit,fig,50,7.5,327.5,2.5,
Dried kiwi,ef2eb45e-fd31-4075-b57a-708d0d9d437e,Fruit,Dried fruit,piece,3.08,,325,5,
Dried mango,6d64ecec-60e8-49b9-a352-4348c34ff2c8,Fruit,Dried fruit,piece,6.67,,355,2.5,
Dried nectarines,040b7fd2-66f2-42dd-8a0c-3bd3a496bc5b,Fruit,Dried fruit,piece,20,,332.5,5,
Dried peaches,d83405b8-8c77-4de8-bcd4-bd5afebff158,Fruit,Dried fruit,piece,20,,250,2.5,
Dried pears,69ec7b61-73b6-4d5e-aef9-c1fd35993106,Fruit,Dried fruit,piece,20,,350,2.5,
Dried persimmons,08a57353-1cdc-49ef-91d3-82fcfea12546,Fruit,Dried fruit,piece,8,,325,5,
Dried pluots,7c7c4bd3-adc8-41b7-a054-da000f8c224d,Fruit,Dried fruit,piece,13.33,,230,2.5,
Dried strawberries,a9762573-5e2e-4767-9d6f-e26984b165ec,Fruit,Dried fruit,piece,3.64,,325,7.5,
Orange chips,ee0ec766-63f9-4565-a6c1-caa71a8ccd0e,Fruit,Dried fruit,piece,4.45,,325,5,
Prune,ad7a22f7-baff-4118-96b2-bd36e1372daa,Fruit,Dried fruit,prune,9.5,7.5,240,2.5,
Raisin,c3c3e4a6-f349-467d-a0b3-5b0e014a9091,Fruit,Dried fruit,raisin,0.52,9.06,299,3.1,
Apples,253fe63e-6fb7-4696-91f7-c9a4a623b6d1,Fruit,Fruit,apple,182,6.81,52,0.3,
Apricots,b311fe5c-f9a0-4f5c-a24a-fb07e0054613,Fruit,Fruit,apricot,35,4.7,48,1.4,
Avocados,68bc9990-5502-4932-8c67-58d8806450a8,Fruit,Fruit,avocado,201,9.38,160,2,
Bananas,64be3daf-4993-4691-967a-a76c5c164bfc,Fruit,Fruit,banana,118,9.38,89,1.1,
Blackberries,050867ca-8315-470d-8d60-ea08a0550d94,Fruit,Fruit,blackberry,6.5,9,43,1.4,
Blueberries,75c207bf-b958-4fdd-98fc-e5a18976c37f,Fruit,Fruit,blueberry,1.36,9.25,57,0.7,
Boysenberries,8327debd-a224-4742-b290-1c72af36e22a,Fruit,Fruit,,,9,48.6,0.7,
Cantaloupe ,08fd1de6-bb50-4e91-b626-10ab47f82513,Fruit,Fruit,cantaloupe,552,9.75,34,0.8,
Cherries,a40bd8bf-a574-4b8c-9da3-96f3305c1846,Fruit,Fruit,cherry,8.2,8.63,63,1.1,
Clementines,234cc179-9ffb-45e7-9a02-f84a860570a6,Fruit,Fruit,clementine,74,,47,0.9,
Coconut meat,db963345-a2ad-40b7-b160-c9f14d153485,Fruit,Fruit,coconut,,4.8,354,3.3,
Cranberries,b17bd3b5-b94d-44df-9f0b-5d40a9d69b98,Fruit,Fruit,cranberry,1.03,7.58,46,0.4,
Currants,ce54a8fa-e4e7-4713-9dee-2909592c3d49,Fruit,Fruit,,,7,63,1.4,
Date,5228d48a-792b-47e9-9622-cff91410ea55,Fruit,Fruit,date,24,,277,1.8,
Dragon fruit,c95b6ec9-0647-469e-b0e1-1b7b908d0ae7,Fruit,Fruit,,,,60,1.2,
Figs,e1ca6d6a-a0e1-4be8-8a3e-56be3545e56d,Fruit,Fruit,fig,50,,74,0.8,
Gooseberries,08f9c7c2-1219-45fb-b67b-a3a1f29f9cb2,Fruit,Fruit,,,9.38,44,0.9,
Grapefruit,6c065066-a3d0-44df-8509-ff0087aac29d,Fruit,Fruit,grapefruit,256,14.38,32,0.6,
Grapes,5768350b-5f31-4e65-828f-4b5249fffeaf,Fruit,Fruit,grape,4.9,9.44,69,0.7,
Guavas,8b4abfc5-d493-43ad-88aa-5adbcf92d748,Fruit,Fruit,guava,55,10.31,68,2.6,
Honeydew,496e01e4-2cca-41ad-a5b6-cb5112ee4238,Fruit,Fruit,honeydew,1000,11.06,36,0.5,
Kiwi,cffd3c1a-534b-4553-822e-d5368e7de06f,Fruit,Fruit,kiwi,69,11.25,61,1.1,
Lemons,1f88ebe2-1d5d-4466-b46e-edc4ecefb4c5,Fruit,Fruit,lemon,108,,20,1.2,
Limes,cbe56e1e-9b5a-488b-937b-8cc429583984,Fruit,Fruit,lime,67,,30,0.7,
Lychee,0b931e9b-e189-4a2b-93b7-10e818252c43,Fruit,Fruit,lychee,9.6,11.875,66,0.8,
Mangos,f7b89a6a-53a2-4899-bad0-64f84c1499ee,Fruit,Fruit,mango,207,10.31,60,0.8,
Nectarines,85ea8403-a570-4b0c-a218-62a30fbc3f89,Fruit,Fruit,nectarine,142,8.94,44,1.1,
Olives,8b3fedc9-408a-46cd-81b0-c369fceb839f,Fruit,Fruit,olive,4,8.4,115,0.8,
Oranges,d8a1a9ec-ea22-4198-8993-c384fbd2e6de,Fruit,Fruit,orange,140,12,47,0.9,
Papaya,a014f029-84ce-4daf-bfbf-495c031ec871,Fruit,Fruit,papaya,304,14,43,0.5,
Passion fruit,6417dfa5-ee5c-433a-bf0e-d5863e138225,Fruit,Fruit,passion fruit,18,14.75,97,2.2,
Peaches,2570353c-641a-4138-a043-5eda77d74860,Fruit,Fruit,peach,150,9.63,39,0.9,
Pears,2a310bc0-db60-4684-8769-84b78b07e987,Fruit,Fruit,pear,178,10.06,57,0.4,
Persimmon,39cf1d00-5150-4f94-8372-bdd9786fa6ed,Fruit,Fruit,persimmon,25,,127,0.8,
Pineapple,da54abfd-7905-45de-9b5e-dd3f91f027d6,Fruit,Fruit,pineapple,905,10.31,50,0.5,
Plums,e2f0fc9e-5716-44e3-af72-d07116f125a6,Fruit,Fruit,plum,66,10.31,46,0.7,
Pluot,ce90c6fc-13f9-4cc8-87ec-6d3758c186e0,Fruit,Fruit,pluot,70,,54.2,1.2,
Pomegranate ,d9e65eb5-b253-4ef5-a78c-fe7f4be12cbc,Fruit,Fruit,pomegranate,282,,83,1.7,
Rambutan,ba76a0eb-2185-401e-80b3-16d5c5345658,Fruit,Fruit,,,,75,0.65,
Raspberries,0d04b269-ec6e-4382-84a6-1a7375daaad9,Fruit,Fruit,raspberry,1.9,7.69,52,1.2,
Rhubarb,c53d43bc-1cb8-451c-9ebc-2ae32a832d9f,Fruit,Fruit,stalk,51,7.32,21,0.9,
Star fruit,0e618982-7bea-44b0-8da7-e571d22dfe73,Fruit,Fruit,star fruit,91,7.92,31,0.1,
Strawberries,e0adeafe-48ac-44eb-8998-cf763f0341a8,Fruit,Fruit,strawberry,12,9,32,0.7,
Tangerine,d97b20b7-397b-419b-a55f-543b6337c6b5,Fruit,Fruit,tangerine,88,11.7,53,0.8,
Watermelon,e1c1e157-a6b6-4a06-af87-cc5f85625e98,Fruit,Fruit,watermelon,4518,9.5,30,0.6,
Bagel,a7ffb613-7b40-4f0b-aeb2-f22980de1620,Grain,Bagel,bagel,98,,250,10,
Croutons,b7f0cd91-1e24-427d-834f-c244e532d9f4,Grain,Bagel,,,1.88,407,11.9,
French bread,59c70fd3-3499-4774-9700-e2e3d4a71aa0,Grain,Bread,slice,64,,272,10.8,
Italian bread,075c9f2d-6c20-4247-ad6d-5f7db7834357,Grain,Bread,slice,20,,271,8.8,
Multi-grain bread,e3e002e6-62ad-412a-a3e1-97e6a3d774ec,Grain,Bread,slice,26,,265,13.5,
Naan bread,61decd53-1392-44dc-a3bd-1d8af1a886d3,Grain,Bread,,,,291,9.6,
Pita bread,85ea9a54-a1ea-4ca3-8193-2af1c6ba8d67,Grain,Bread,pita,64,,266,9.8,
Rye bread,768ecfb7-b72b-4f26-91d1-d1ec5b701fef,Grain,Bread,slice,32,,259,8.5,
Sourdough bread,b8893e65-74d3-4649-bbc1-9e3b4a6849e5,Grain,Bread,slice,64,,272,10.8,
White bread,93a5bb76-d2a0-4542-b1a8-2f0dff8a120d,Grain,Bread,slice,25,,266,8.9,
Whole wheat bread,8d56a8c0-7315-47aa-8aff-3fe6cab6cd9c,Grain,Bread,slice,28,,252,12.5,
Choux pastry,7e301503-07ac-4f1e-b782-d715cf4e97a9,Grain,Dough,,,,375,8,
Filo pastry,97e8aa8e-9804-4f19-936d-6e88d8d38ff9,Grain,Dough,sheet,11.4,,298,8.77,
Flaky pastry,3a006096-1609-4472-9da3-14bf4ce01c82,Grain,Dough,sheet,200,,542,6,
Pizza dough,608c0fa2-5aaa-4111-92db-45a1d1831352,Grain,Dough,,,7.5,366.66,10,
Puff pastry,0a60cadd-a23a-480c-aa96-adc5c0697585,Grain,Dough,sheet,246,,365.8,4.8,
Shortcrust pastry,43b56267-bbf4-44dd-8c1d-64096181c65f,Grain,Dough,sheet,246,,509,6.6,
Almond flour,eb8b2291-9f06-4a36-b0fb-d6e47e9f2aa3,Grain,Flour,,,7,571.43,28.57,
Arrowroot flour,a4f392a4-08e1-44b3-b4db-06a77907c788,Grain,Flour,,,,357,0.3,
Chickpea flour,c017ab67-91d0-4b1b-b90c-81759f1ada35,Grain,Flour,,,,387,22.4,
Coconut flour,86d7db19-a063-4263-9eb1-b5227739f93f,Grain,Flour,,,14,428.6,14.3,
Cornmeal,b5ea900b-defc-47fc-9ece-c42eb3d68f4f,Grain,Flour,,,7.63,362,8.1,
Hazelnut flour,b1e99db4-6e16-400f-8785-2025568decb8,Grain,Flour,,,7,571.43,14.29,
Oat flour,482aaab4-59ec-42a1-b89d-4f73e17daaf4,Grain,Flour,,,,404,14.7,
Peanut flour,63aa536f-3fc9-4fd0-a37b-7e1407fff913,Grain,Flour,,,6.5,461.54,46.15,
Semolina,16298f37-b519-47e2-9dd5-d8d8165a1ef5,Grain,Flour,,,10.44,360,12.7,
White flour,3d0aa111-5b11-45cb-91f9-a9d88c84f26e,Grain,Flour,,,7.81,364,10.3,
Whole wheat flour,5ea4f91a-9826-41b0-a6c9-a8c49900f849,Grain,Flour,,,7.5,340,13.2,
English muffin,54d978c9-51b0-4880-9a27-615fd493337c,Grain,Muffin,,,,203,8.8,
Egg noodles (cooked),34f27aa2-ca70-4c69-ba71-73b34a6bc88d,Grain,Noodles,,,10,138,4.5,
Egg noodles (dry),3f555436-be60-4f9f-aae1-38476f6c2437,Grain,Noodles,,,,384,14.2,
Glass noodles (cooked),7ad60f0d-14ef-4444-89a9-181f77e682f5,Grain,Noodles,,,11.9,84.7,0,
Glass noodles (dry),fe7edcb3-23c1-4aba-8283-bde72c66e800,Grain,Noodles,,,,351,0.2,
Rice noodles (cooked),ba8f7d6a-9890-4f10-89bb-f23ae69a3770,Grain,Noodles,,,11,108,1.8,
Rice noodles (dry),26ec7d0e-ec6f-45f3-93f9-842f7a54ab19,Grain,Noodles,,,,364,6,
Soba noodles (cooked),acc59165-6c68-4893-bc2d-578072ee5da8,Grain,Noodles,,,7.13,99,5.1,
Soba noodles (dry),9dc4e706-47b3-458b-bae2-71246c554d9e,Grain,Noodles,,,,336,14.4,
Somen noodles (cooked),a8683371-48eb-42de-adbf-bc1e685a347d,Grain,Noodles,,,11,131,4,
Somen noodles (dry),044fe0c2-6642-4d36-80bc-c8deee5002ca,Grain,Noodles,,,,356,11.4,
Udon noodles (cooked),eef1d793-dd07-436d-8ab8-d5be0142fd6b,Grain,Noodles,,,8.8,74.5,2.6,
Udon noodles (dry),1741be11-d63b-4769-9ffc-35e348faaca1,Grain,Noodles,,,,339.29,8.93,
Potato Gnocchi ,6e7294ca-a2dc-4275-8864-57e1224b886b,Grain,Pasta,,,10.3125,145.45,3.03,
White pasta (cooked),225bf674-75bf-4b2e-8825-039d419e965f,Grain,Pasta,,,8.75,126,2.6,
White pasta (dry),fe1e5245-8f71-42eb-a08b-946a25efd480,Grain,Pasta,Box,448,,357,7.5,
Whole wheat pasta (cooked),fd6095f2-c337-4c25-9451-1ae76de06638,Grain,Pasta,,,8.75,124,5.3,
Whole wheat pasta (dry),ed3337ac-e933-4fd7-b695-f212ff7d5280,Grain,Pasta,Box,448,,348,14.6,
Brown rice (cooked),28b33f3b-1fab-4949-bb52-b922a2ce6469,Grain,Rice,,,12.19,111,2.6,
Brown rice (dry),27a9e4a7-fdf5-4aec-b22f-b8facc05b7eb,Grain,Rice,,,11.56,370,7.9,
White rice (cooked),c9628d0a-77cf-449f-aa41-526886d7eb48,Grain,Rice,,,10.88,97,2,
White rice (dry),46c85c07-182e-465d-998e-8103b1a66a70,Grain,Rice,,,11.56,365,7.1,
Wild rice (cooked),89d57fde-a378-4d44-aae3-116687f761b4,Grain,Rice,,,10.25,101,4,
Wild rice (dry),671b8412-0e13-44dc-8e7e-c26dec60cf38,Grain,Rice,,,10,357,14.7,
Corn tortilla,6970a798-d64b-4c13-8a68-cac73de3fcc8,Grain,Tortilla,tortilla,24,,218,5.7,
Flour tortilla,55d3ff91-5dea-4182-92eb-0c3f99a2c0be,Grain,Tortilla,tortilla,46,,293,7.9,
Amaranth (cooked),2f035aa6-de39-448d-9d24-cc95e78ef0ea,Grain,Whole grain,,,15.38,102,3.8,
Amaranth (dry),689272a6-31ba-41bb-a663-8aef2f55f333,Grain,Whole grain,,,12.06,371,13.6,
Barley (cooked),cec6a7a6-ee8b-4378-abcb-2337b8823bf5,Grain,Whole grain,,,12.1,123,2.3,
Barley (dry),a56df4b2-11e5-4087-a51e-f1e1adda1bed,Grain,Whole grain,,,12.5,352,9.9,
Buckwheat (cooked),8457cbfe-2f52-49a8-bfc7-35bb4073881b,Grain,Whole grain,,,9.7,92,3.4,
Buckwheat (dry),bda309ec-5898-429b-8fcb-ddaa172b905b,Grain,Whole grain,,,10.63,343,13.3,
Bulgur (cooked),a829d959-a34d-420c-a283-71819b5fdfe0,Grain,Whole grain,,,8.4,83,3.1,
Bulgur (dry),a3094361-b7cf-4f72-9d5b-4cb9513af348,Grain,Whole grain,,,8.75,342,12.3,
Couscous (cooked),ed846340-48b2-4312-a90e-49f4bbdc0a8d,Grain,Whole grain,,,9.8,112,3.8,
Couscous (dry),db8836c7-fd8f-43e8-8714-561efc0e2614,Grain,Whole grain,,,10.81,376,12.8,
Farro (cooked),5a278328-ad01-4799-9835-8f9fd05211ac,Grain,Whole grain,,,7.5,166.7,6.7,
Farro (dry),10298e88-9026-42ce-8758-d7f50835c441,Grain,Whole grain,,,13,365.38,11.54,
Freekeh (cooked),6a5a9f80-805f-4065-a1ae-9bdfe50349c7,Grain,Whole grain,,,19.5,83,3.1,
Freekeh (dry),620beff1-e1dc-4c05-b594-2a1225228a62,Grain,Whole grain,,,11.25,355.56,13.33,
Hominy (cooked),4999b291-c02f-4881-9d72-3a46f18612a8,Grain,Whole grain,,,10.31,72,1.5,
Hominy (dry),0de25f1c-3faf-48de-8925-ee83a8a1a305,Grain,Whole grain,,,11.25,340,9,
Millet (cooked),115f0f79-fb61-4513-b4f6-9a8935d4335d,Grain,Whole grain,,,12.9,119,3.5,
Millet (dry),e27c9f78-0df0-419e-8c09-57605959081f,Grain,Whole grain,,,12.5,378,11,
Oats (cooked),8fd02ae2-fe34-4da5-aa6a-0d750c4f23f5,Grain,Whole grain,,,14.625,68,2.4,
Oats (dry),54e8bed6-5cec-4d39-bbc5-c3198ddec56e,Grain,Whole grain,,,9.75,389,16.9,
Polenta (cooked),7f3daa49-1e8e-4d27-b92e-b592f9aa7eda,Grain,Whole grain,,,15,82.1,2.1,
Polenta (dry),76c4591f-8ca1-44a0-a4c9-56054cc2d3b6,Grain,Whole grain,,,10,350,7.5,
Quinoa (cooked),16e3e880-f6b6-4ce3-a69e-7c55bbe4ba89,Grain,Whole grain,,,11.56,120,4.4,
Quinoa (dry),defe29d7-5130-4f7c-940d-6c4fe51d7714,Grain,Whole grain,,,10.63,368,14.1,
Rye berries (cooked),c8f82d26-3799-4424-a2f0-ad470fcc9d5f,Grain,Whole grain,,,10.56,177.56,7.1,
Rye berries (dry),dc6bc4b5-4fa8-44be-8014-3b42caa07c0c,Grain,Whole grain,,,10.56,338,10.3,
Sorghum (cooked),c4aa7591-2633-452f-897c-c67cca1cf2ee,Grain,Whole grain,,,12,118.75,2.08,
Sorghum (dry),1402029c-4964-4e8a-9279-089b6288a264,Grain,Whole grain,,,12,329,10.6,
Spelt (cooked),0dde7cb5-5e26-4dd5-a1ab-3fddf95e82bc,Grain,Whole grain,,,12.13,127,5.5,
Spelt (dry),8e07547c-b315-4c6d-89c3-d5a1e9100051,Grain,Whole grain,,,10.88,338,14.6,
Teff (cooked),f2774872-597f-48f9-a1cb-1e292847fe9d,Grain,Whole grain,,,15.75,101,3.9,
Teff (dry),5e32d10e-d5b2-43d4-9b15-d1e7228fa8e2,Grain,Whole grain,,,11.25,377.78,11.11,
Wheat berries (cooked),bbb2bf91-2574-4d78-a23f-2ee6751ac7c2,Grain,Whole grain,,,11.25,123.33,3.89,
Wheat berries (dry),096ba846-4318-4a38-8d30-82fbfa522c42,Grain,Whole grain,,,11.25,377.78,15.55,
Beer,2217854d-3ca6-493f-95bc-0e04edbdc4ac,Other,Alcohol,bottle,356,,43,0.5,
Gin,539f25e1-8ea1-460e-a1f1-f205053ac581,Other,Alcohol,,,15,263,0,
Light beer,89fb4373-5971-4726-a964-e8051e21e702,Other,Alcohol,bottle,354,,29,0.2,
Rum,b6751e2d-eeb0-444d-a0cf-87802ee67ec4,Other,Alcohol,,,15,231,0,
Sake,28451c62-9519-43ec-b5cb-b7d5d07ede92,Other,Alcohol,,,15,134,0.5,Rice wine
Vodka,43f0df9b-2d53-4fdc-b04a-7c921994f855,Other,Alcohol,,,15,231,0,
Whiskey,296fc8ce-0c95-44f8-b2da-cd83d303a8bb,Other,Alcohol,,,15,250,0,
Coffee,53d75943-18cf-45fc-8af8-eaa5f1a1ed38,Other,Beverage,,,14.81,1,0.1,
Juice,c8e5eea4-64c7-4032-b945-24d56d3c5c07,Other,Beverage,,,15.56,47,0.7,
Soda,1bc2d8dd-7297-4029-85ea-c584dd8dd834,Other,Beverage,can,368,,41,0,
Tea,ad8e375d-6262-4452-889f-ff580a6dd7f7,Other,Beverage,,,14.81,1,0,
Water,fc85e08d-f76a-4f4e-98ef-8a8d33e600fd,Other,Beverage,,,14.79,0,0,
Blondies,386ce647-51ba-4fc3-9bef-6595ca75798a,Other,Prepared food,brownie,24,,466,6,
Brownies,c051acd3-4802-47a9-bd30-d4c6fae0dd1c,Other,Prepared food,brownie,24,,466,6,
Cake,56917cb9-167e-4cc7-8ade-d94a141a8b1e,Other,Prepared food,piece,95,,371,5,
Candy,e4f78ef3-df7e-4157-90ca-6b6b829f3efe,Other,Prepared food,piece,1,12.81,405,0.2,
Caramel,2fc76935-85e9-4d4c-9196-a2ec29af525d,Other,Prepared food,piece,10.1,,382,4.6,
Chocolate,52e25bea-9cc7-4125-be64-f73994415b3d,Other,Prepared food,bar,44,,535,8,
Chocolate chips,fa9da1c1-1bdb-485a-b47f-1e665871594c,Other,Prepared food,,,14,517,4.7,
Churro,c293ec63-374c-4ccc-8ce6-0eecb3a78f9e,Other,Prepared food,churro,65,,396.6,1.8,
Cinnamon roll,e8e51c5e-343f-4bca-902d-5545c1148a9c,Other,Prepared food,bun,65,,436,4.7,
Cobbler,360c3904-c85a-4a38-8a20-2d7638dbb216,Other,Prepared food,,,15,65,0.3,
Cookies,c5dc170a-5e49-40e0-8373-ffb14725f8ba,Other,Prepared food,cookie,16,,488,6,
Creme brulee,a04d6b95-7bcc-4ddb-9c82-46702c10d266,Other,Prepared food,container,200,,343.5,4.2,
Crepe,e61d525c-b63f-436b-8e59-43cf28a12aef,Other,Prepared food,crepe,102,,165.6,5.9,
Croissant,d65ce868-4ba0-4768-a537-3046b425f730,Other,Prepared food,croissant,67,,406,8,
Cupcake,b4d9e682-c10c-442e-a8b3-54a28394f4ac,Other,Prepared food,cupcake,43,,305,4.3,
Doughnuts,b221b327-501b-4139-8797-49a2a0f3dd10,Other,Prepared food,doughnut,43,,452,4.9,
Eclair,1a7732c6-068c-4901-b8c4-923f4e61fd96,Other,Prepared food,eclair,100,,262,6,
French fries,15f0b6a7-20d6-4672-a8db-1cffb872ba88,Other,Prepared food,container,117,,312,3.4,
Frozen yogurt,4b5e11fb-7564-4041-acc4-90dd5457f5ce,Other,Prepared food,,,9,159,4,
Fudge,0c5c4668-2688-4a40-84a7-60801ebe1ad9,Other,Prepared food,piece,17,,411,2.4,
Gelatin dessert,02e98a2d-6de8-4e3d-9103-2f7cb28ed837,Other,Prepared food,,,16.875,62,1.2,Jell-O
Gelato,f3ecec7b-14ca-48a3-9efa-50fe2408792a,Other,Prepared food,,,8.25,196.5,3.5,
Ice cream,378fa67e-acbe-4168-962e-f512e9739556,Other,Prepared food,,,8.25,207,3.5,
Pancakes ,f1ab9d46-4004-4bec-a2ec-363cf3cf1d2a,Other,Prepared food,pancake,77,,227,6,
Pie,925529e3-0fb4-42c0-8b6a-a9ad3d34e307,Other,Prepared food,piece,117,,237,1.9,
Pizza,62f055e2-3914-4f5f-8066-4fde16365d3a,Other,Prepared food,slice,107,,266,11,
Potato chips,40b9780f-6019-4d3e-86d8-b530b1b5c745,Other,Prepared food,bag,28.4,,536,7,
Pudding,6989287c-286e-41dc-b1ee-c587745d30c9,Other,Prepared food,,,17.75,120,3.2,
Sorbet,02eb459c-096d-466a-97d4-221fe859a98d,Other,Prepared food,,,8.25,124,1.9,
Strudel,3d1d470a-a033-4198-ab76-808aba9d7193,Other,Prepared food,piece,71,,274,1,
Waffles,e1e74b27-37d3-4164-9235-a5fbbf43e4b3,Other,Prepared food,waffle,75,,291,8,
Barbecue sauce,7451f731-b69c-4977-9381-f87aae25972d,Other,Sauce,,,17.5,150,0,
Bouillon cubes,050c3e26-8d8e-4b1f-b206-61042b564b54,Other,Sauce,cube,4,,250,0,
Chipotle peppers (Adobo),ec610c77-eaf0-4acb-b092-85f01c2eb515,Other,Sauce,,,15.5,97,3.2,
Cocktail sauce,3d735570-cf92-4b21-88f0-e2956e8cad07,Other,Sauce,,,3.75,124,1.4,
Dijon mustard,fb1553f0-5772-47b7-9bb7-a90c1aaa3f87,Other,Sauce,,,15,100,4,
Fish sauce,fb67a474-1914-4a4c-a35d-bb425d74e52c,Other,Sauce,,,18,35,5.1,
Guacamole,40ebd094-41ff-41fe-a822-8106e42cbf5a,Other,Sauce,,,15,133.3,0,
Hosin sauce,ec74b0d7-e803-4c11-b75e-ca8605addfc2,Other,Sauce,,,16,220,3.3,
Hot sauce,37a18fdb-f4bf-4b5a-af55-6b459748a575,Other,Sauce,,,14.1,11.1,0.4,
Hummus,1f8b4a12-ec41-4b6d-93ba-a5b59b71e3d0,Other,Sauce,,,15,166,7.9,
Ketchup,c6bd6af4-5be7-4f99-a978-668aa6641ff1,Other,Sauce,,,15,97,1.7,
Mirin,9bb9fe32-c1ae-4f9a-b864-67d95ff97b2c,Other,Sauce,,,14,142.9,0,
Miso,88555ef2-105c-4e03-8717-234bb6820ad0,Other,Sauce,,,17.19,199,11.7,
Oyster sauce,0cb84863-9770-4c15-935a-cd5f16734303,Other,Sauce,,,18,51,1.4,
Pesto,f6ac8560-e961-45d9-8084-c6df03caf800,Other,Sauce,,,15,433.3,5,
Relish,f8b57707-e0d8-4f6e-bce2-2be075b5f330,Other,Sauce,packet,10,15,130,0.4,
Salsa,e95a0f57-beca-43ef-9dfe-4668abaaecf8,Other,Sauce,,,16,29,1.5,
Siracha,d8149e24-1c4d-4195-97af-9acb3b5a2e5c,Other,Sauce,,,15,93,1.9,
Soy sauce,1b616430-6db9-43cb-9870-635db5355a2d,Other,Sauce,,,16,53,8.1,Tamari
Teriyaki sauce,242c5a2a-9a8d-4b0e-bc61-6ca2d7cfbd0a,Other,Sauce,,,18,89,5.9,
Worcestershire sauce ,aa39bbdf-f04a-4c2e-adf4-0cb6884d3801,Other,Sauce,,,17,78,0,
Yellow mustard,b0cc0c64-2fcc-4fbb-ac17-5257d6fae57d,Other,Sauce,,,15,60,3.7,
Allspice,38925afa-b061-4114-a5b4-4ddc7a220e7e,Other,Spice,,,6,263,6.1,
Anise,be2a9119-38b0-40d7-8f1d-0ce5a249af65,Other,Spice,,,6.7,337,17.6,
Baking powder,acde0f46-c660-4760-bd3c-b48eea18a405,Other,Spice,,,13.8,53,0,
Baking soda,b756d7ee-5ba1-40d4-b719-cbb0d97fc95e,Other,Spice,,,13.8,0,0,
Bay leaf,1048ff33-9ede-430e-940b-7dd59c293bfc,Other,Spice,,,1.8,313,7.6,
Black pepper,80350c9b-2e22-4c70-9fb0-9e5daf38b8c7,Other,Spice,,,6.4,251,10.4,
Cardamom,c7a4e2e1-b5b5-47ae-aa1b-0a26011d9f6a,Other,Spice,,,5.8,311,10.8,
Cayenne pepper,1dc871d3-0b16-403c-9010-5b19e44f1b85,Other,Spice,,,5.3,318,12,
Chili powder,4f181952-2a3e-46db-b5af-8943815ada13,Other,Spice,,,7.5,282,13.5,
Cinnamon,eee739aa-64c7-4d95-9df2-b458534704d5,Other,Spice,,,7.8,247,4,
Cloves,e8797626-592b-4711-8313-a9daacc9e96c,Other,Spice,,,6.6,274,6,
Cocoa powder,d0bc4303-58de-4d68-a60d-9e20c96d1312,Other,Spice,,,5.4,228,19.6,
Coriander,64de023c-ca53-4002-87b8-386d0aecf58d,Other,Spice,,,5,298,12.4,
Cornstarch,e355552b-e975-4c25-94bf-757b8228a06c,Other,Spice,,,10,350,0,
Cream of tartar,4bfc2bbd-9ce4-47db-a88b-cc699c011f7c,Other,Spice,,,9,258,0,
Cumin,e2a5404c-31b3-43c7-85ea-f1be2b743603,Other,Spice,,,9,375,17.8,
Curry powder,6628c69e-dc4b-480a-b152-e612358eac2a,Other,Spice,,,6.3,325,14.3,
Dried basil,d48182fb-6890-42c3-b046-bf74e169a9e5,Other,Dried herb,,,2.1,233,23,
Dried oregano,95595137-8cc6-41fc-a18b-7d10308c147a,Other,Dried herb,,,3,265,9,
Dried parsley,152ec3e6-b54d-4bf5-8b76-f889a5baafda,Other,Dried herb,,,1.6,292,26.6,
Dried rosemary,a90a4f01-ff4e-42f6-858a-e263516d2c0b,Other,Dried herb,,,3.3,331,4.9,
Dried tarragon,52cda9f6-62c9-478a-81b7-830a1a47d3ff,Other,Dried herb,,,4.8,295,22.8,
Fennel seed,84776f63-09c1-4cb1-9a2f-c6598e2e8d92,Other,Spice,,,5.8,345,15.8,
Garam masala,5962ea00-f056-4417-a7e4-228d653b450d,Other,Spice,,,10,300,10,
Garlic powder,5349677e-8fa9-468d-b6aa-baff916dfbb1,Other,Spice,,,9.7,331,16.6,
Ground ginger,035e44f0-9335-424d-957a-75d8de6733ca,Other,Spice,,,5.4,335,9,
Horseradish,a7b00785-1e63-45bb-87a3-e406fc48257d,Other,Spice,,,15,48,1.2,
Mustard seed,cbdbdddc-337e-4fca-aa72-d823750842e7,Other,Spice,,,6.3,508,26.1,
Nutmeg,d810c705-8816-4493-b8fc-6c8fab1282d3,Other,Spice,,,7,525,5.8,
Nutritional yeast,b3b86827-d308-434f-892c-d197ff0e6f03,Other,Spice,,,15,333.3,40,
Onion powder,2a9bb83d-6aca-4aa1-82d5-1127758e992b,Other,Spice,,,6.9,341,10.4,
Paprika,8f9f60eb-2ff3-46a4-bc83-28819e21df2b,Other,Spice,,,6.9,282,14.1,
Saffron,c682ec69-7f6e-42e4-b487-f700cf757d52,Other,Spice,,,2.1,310,11.4,
Sage,2be3d6f2-7635-4784-be57-d49face92a82,Other,Spice,,,2,315,10.6,
Salt,1ca92318-3165-40e2-90c0-d951e01d693b,Other,Spice,,,18,0,0,
Turmeric,5ba88b83-f740-4a7c-8cde-bb688b4fb347,Other,Spice,,,6.8,312,9.7,
Vanilla extract,b5294684-8b73-4f02-8204-8819341f02da,Other,Spice,,,,288,0.1,
Xanthan gum,ce179a68-dc57-4d0d-86ae-085c6409b089,Other,Spice,,,9,332,0,
Yeast,404d7a7d-2435-44b7-8689-445f655be75e,Other,Spice,,,7.2,325,40.4,
Beef broth,d6d45113-cec4-4c19-b450-645cda2ea6dd,Other,Stock,,,15,7,1.1,Beef stock
Chicken broth,cb6cfd8d-4fdc-4022-9f27-10ac91df35f0,Other,Stock,,,15,7,1.4,Chicken stock
Vegetable broth,4504aefe-87dd-4125-b8cc-841aaaa57f8b,Other,Stock,,,15,7,0.9,Vegetable stock
Sauerkraut,942915bb-a83d-4344-ae92-038e1a7f05a4,Other,Vegetable,,,8.88,19,0.9,
Apple cider vinegar,403e4501-36f8-401e-befe-65064ea843a2,Other,Vinegar,,,14.9,21,0,
Balsamic vinegar,aa3a54a2-78d1-4395-b301-bd9a51832ca1,Other,Vinegar,,,16,88,0.5,
Red wine vinegar,d2ae531b-193c-4089-b255-08a3bbdb2b5c,Other,Vinegar,,,2.7,18,0,
Rice wine vinegar,e69c7886-7f41-47e9-9cc2-88001d59aa2d,Other,Vinegar,,,14.9,18,0,
Sherry wine vinegar,e3877dd1-72ce-4601-9b4f-8986d6df7c31,Other,Vinegar,,,16,88,0.5,
White vinegar,69266398-eb2a-493b-9360-a3ee99ab8024,Other,Vinegar,,,2.7,18,0,
White wine vinegar,7ccdad58-611e-4575-8776-15038dea7f99,Other,Vinegar,,,2.7,18,0,
Red wine,14054eb5-09b2-45ff-ad73-f2a3f49d1127,Other,Wine,glass,147,,85,0.1,
Shaoxing wine,ccaa6c5b-ee61-4fc1-ab4c-dfcaad971522,Other,Wine,,,12.5,127,0,Chinese cooking wine
Sherry wine,8f110931-5c9a-47eb-a0d7-91c0e9edd296,Other,Wine,glass,147,,85,0.1,
White wine,1fc80d6e-b5a3-4e0e-9053-e1cffcd8fe37,Other,Wine,glass,147,,80,0.1,
Adzuki beans (cooked),5c74d192-c6b5-42af-93a5-3963fc18446c,Protein,Bean,,,16.25,84.61,5.38,
Adzuki beans (dry),1af24b02-f4cd-4fc7-95b9-7b35629e6598,Protein,Bean,,,12.3125,329,19.9,
Black beans (cooked),58efb149-d8cf-42e1-933c-1082268a3b1f,Protein,Bean,,,16.25,91,6,
Black beans (dry),20a340d8-9fb1-4e03-83fe-f59c42636e69,Protein,Bean,,,12.1,341,21.6,
Black-eyed peas (cooked),946297e6-3111-46ff-8f56-4cb37b7b5640,Protein,Bean,,,16.25,61.53,3.85,
Black-eyed peas (dry),131a2fa1-7258-4d62-be1c-e702aab703df,Protein,Bean,,,,342.9,22.9,
Cannellini beans (cooked),91ff5f2d-1e57-4524-9f40-dd23b31f936c,Protein,Bean,,,16.25,84.61,6.15,
Cannellini beans (dry),cc966fcf-4ae9-49b3-a5ad-c8e8d3452792,Protein,Bean,,,13.25,339.62,22.64,
Fava beans (cooked),eab9e7fe-f1e8-473d-b22c-744214e04417,Protein,Bean,,,15.625,96,8.8,
Fava beans (dry),fb1ea8af-f489-47af-8a36-bbef6dabc53c,Protein,Bean,,,7.88,341,26.1,
Great northern beans (cooked),c4599c26-f005-4998-bd0b-e168c7507bbe,Protein,Bean,,,16.38,114,7.4,
Great northern beans (dry),58fe5f8c-ff1e-4a18-8059-599ec46d5e61,Protein,Bean,,,13,337,22,
Kidney beans (cooked),68feb793-8297-4e4e-81e3-4d8163f6c7c6,Protein,Bean,,,16,84,5.2,
Kidney beans (dry),aecd46d0-5052-4541-8f71-c364b906eca4,Protein,Bean,,,12.2,337,22.5,
Lima beans (cooked),c1f525ba-066a-4dd7-b3aa-40bfc58a6b86,Protein,Bean,,,15.06,79,4.9,
Lima beans (dry),4bbe39a7-51e8-4eb9-a369-60e238344156,Protein,Bean,,,9.75,113,6.8,
Mung beans (cooked),f017bf9c-317b-4687-abc4-6d7691a3528c,Protein,Bean,,,12.63,105,7,
Mung beans (dry),aae10143-62fe-489f-900e-5dc760ff35be,Protein,Bean,,,6.5,347,23.9,
Pinto beans (cooked),0db2bf94-c5fc-4885-83df-cd790b23f3f4,Protein,Bean,,,15,82,4.6,
Pinto beans (dry),bbe4fd9b-2846-4f97-9e32-20b8e016230d,Protein,Bean,,,12,347,21.4,
Soy beans (cooked),95f98bca-7450-4452-9262-1c4018b1ec38,Protein,Bean,,,16.25,92.3,8.46,
Soy beans (dry),009c5050-39a2-4744-87f4-d29864555e99,Protein,Bean,,,16,147,13,
White beans (cooked),3c04a42c-9b79-4f74-8872-4bdfefaa8e04,Protein,Bean,,,16.38,114,7.3,
White beans (dry),dc349874-9b04-454e-ab87-e12f033f0349,Protein,Bean,,,12.6,333,23.4,
Bottom round (cooked),c53f42dd-864e-4ae2-b54c-a9b2de4064db,Protein,Beef,,,,219.9375,33.72375,
Bottom round (raw),9a25c768-08a9-4a51-b3b8-60a127d1b516,Protein,Beef,,,,175.95,26.979,
Eye of round (cooked),d1530939-301a-44c6-8d67-fdbe72d56c36,Protein,Beef,,,,205,36.65625,
Eye of round (raw),27fde005-a49e-4504-840a-1ad5be66632f,Protein,Beef,,,,164,29.325,
Fatty beef (cooked),0ae5ea12-d139-4a4d-89a2-bc014b94919e,Protein,Beef,,,,351.9,33.72375,
Fatty beef (raw),f08786d5-075f-420d-bf32-fef202cb445e,Protein,Beef,,,,281.52,26.979,
Lean beef (cooked),c73e8c96-07bd-48b8-b145-164774868ee8,Protein,Beef,,,,205,36.65625,
Lean beef (raw),5e83deeb-a99a-45e6-b5a3-85e212959206,Protein,Beef,,,,164,29.325,
Ribeye (cooked),67fca096-a672-4fea-9697-4b9d14255957,Protein,Beef,,,,278.5875,33.72375,
Ribeye (raw),37c9417d-add3-45fb-806e-c50289525b35,Protein,Beef,,,,222.87,26.979,
Sirloin tip (cooked),1d2b6a87-fbfb-4b86-8e03-f757140ec544,Protein,Beef,,,,219.9375,33.72375,
Sirloin tip (raw),99ce8f72-7551-41c1-9649-07154af1f6fc,Protein,Beef,,,,175.95,26.979,
Skirt steak (cooked),91dc60cb-d8d6-441e-ac61-ce95814d15af,Protein,Beef,,,,351.9,33.72375,
Skirt steak (raw),ddf79aaf-253c-4c9b-9888-17e8da48a7dc,Protein,Beef,,,,281.52,26.979,
Strip steak (cooked),30f0d5e1-57b8-4f01-ad72-78609e7d4526,Protein,Beef,,,,234.6,36.65625,
Strip steak (raw),9e0f822c-9223-43c4-b03a-d51ca9d1208a,Protein,Beef,,,,187.68,29.325,
Top round (cooked),6ecad66d-991e-4b8f-a8e0-6256515ec94d,Protein,Beef,,,,205,36.65625,
Top round (raw),7c2914e5-6351-45e4-bbf4-f99064d8d722,Protein,Beef,,,,164,29.325,
Chicken breast with skin (cooked),779084ef-d29a-400a-9b5a-5e4cda297988,Protein,Chicken,,,,197,29.8,
Chicken breast with skin (raw),7f5d755d-0f1c-43f7-82a8-499700043629,Protein,Chicken,,,,172,20.9,
Chicken breast without skin (cooked),39d4dd12-22fc-4f66-b0fb-b378603d59ea,Protein,Chicken,,,8.75,165,31,
Chicken breast without skin (raw),7d015686-63fa-4b17-aaa8-76a65f4e1a18,Protein,Chicken,,,,120,22.5,
Chicken drumstick with skin with bone (cooked),1cfba13f-a5e5-4ac9-852e-0661e92e7262,Protein,Chicken,,,,127.97,15.678,
Chicken drumstick with skin with bone (raw),d479f644-1513-4039-ad6e-7e9c91c26ee8,Protein,Chicken,,,,107.87,12.127,
Chicken drumstick with skin without bone (cooked),5d572731-c0ca-4292-acd4-69765b8555c4,Protein,Chicken,,,,191,23.4,
Chicken drumstick with skin without bone (raw),16497831-8780-4af0-9549-df4658a62b07,Protein,Chicken,,,,161,18.1,
Chicken drumstick without skin with bone (cooked),01006c23-b074-4d7e-918c-0f198dc19a77,Protein,Chicken,,,,89.9,14.036,
Chicken drumstick without skin with bone (raw),2c288748-e50d-4db6-85af-64161209f1da,Protein,Chicken,,,,67.28,9.312,
Chicken drumstick without skin without bone (cooked),faedb3bc-9e62-47fc-9332-b64c9cb78872,Protein,Chicken,,,,155,24.2,
Chicken drumstick without skin without bone (raw),6b25e6bc-6cfa-42f0-84ad-a6465274f1bb,Protein,Chicken,,,,116,19.4,
Chicken tenderloin (cooked),abccf820-4940-414e-9c31-3301b0fb4065,Protein,Chicken,,,,122.7875,28.1875,
Chicken tenderloin (raw),d3e218e6-6452-491c-8cdc-7e9da3b2589c,Protein,Chicken,,,,89.3,20.5,
Chicken thigh with skin with bone (cooked),fdebce79-c1b0-49b1-ae79-ed2b427add9b,Protein,Chicken,,,,183.28,18.407,
Chicken thigh with skin with bone (raw),92fec1a3-a4e1-4286-8fee-0ef51f9d965b,Protein,Chicken,,,,174.59,13.035,
Chicken thigh with skin without bone (cooked),5680aa24-fc6a-44fb-bb4b-889c4137b6a0,Protein,Chicken,,,,232,23.3,
Chicken thigh with skin without bone (raw),82b3eb4a-3a47-48cf-9968-2bc1b146465c,Protein,Chicken,,,,221,16.5,
Chicken thigh without skin with bone (cooked),ca5f9e85-0dc1-45c1-99ef-58011adfd6dc,Protein,Chicken,,,,118.14,16.368,
Chicken thigh without skin with bone (raw),4e0eebfe-1029-45c8-ade9-38e9d24c38e6,Protein,Chicken,,,,79.86,13.002,
Chicken thigh without skin without bone (cooked),ee059c11-68d3-467a-be0d-c0571a0e414a,Protein,Chicken,,,,179,24.8,
Chicken thigh without skin without bone (raw),639315e1-8038-4f2c-aa96-4408a0267a0d,Protein,Chicken,,,,121,19.7,
Chicken wing with skin with bone (cooked),e7816474-3103-4d90-861c-fe4beef24646,Protein,Chicken,,,,137.16,9.52,
Chicken wing with skin with bone (raw),3d2f56fb-d512-4251-8ff7-be071fd08535,Protein,Chicken,,,,103.14,9.45,
Chicken wing with skin without bone (cooked),a37ffc22-759e-4b8e-a4e7-3532378ec163,Protein,Chicken,,,,254,23.8,
Chicken wing with skin without bone (raw),1684d1c4-d3eb-4513-aa40-826886bfdb4a,Protein,Chicken,,,,191,17.5,
Chicken wing without skin with bone (cooked),a1909f60-e325-45e9-b48a-12743638aa9a,Protein,Chicken,,,,66.99,10.065,
Chicken wing without skin with bone (raw),e8635336-cd4f-446c-b8e6-4709293a7272,Protein,Chicken,,,,41.58,7.26,
Chicken wing without skin without bone (cooked),406faa49-ca82-4b37-bd86-813013c0de22,Protein,Chicken,,,,203,30.5,
Chicken wing without skin without bone (raw),35369bd9-ec9b-433e-ac70-4528c76a80b1,Protein,Chicken,,,,126,22,
Chickpeas (cooked),5ea0148d-e33d-4a34-b5a6-c908a30ce216,Protein,Chickpea,,,15,88,4.9,
Chickpeas (dry),df1fdd26-9a75-45d3-ba49-5bf37dffc5c4,Protein,Chickpea,,,12.5,378,20.5,
Bologna,ab6bdc73-71fc-4e0d-b5ea-1a16e75261cc,Protein,Cold cut,,,,268,12.5,
Corned beef,422ca706-d8f3-43e1-a382-a4ad754cb350,Protein,Cold cut,,,,125,19.6,
Ham,a3356056-79ca-4b31-b18c-d5a0bb58b29a,Protein,Cold cut,slice,24,,102,16.9,
Pastrami,2d890bb9-d1fd-4635-be4c-b9e76179cf40,Protein,Cold cut,slice,28,,147,22,
Roast beef,c5edc390-f205-4fb8-8de9-dd36c9cfce00,Protein,Cold cut,slice,12.75,,98,17.6,
Salami,7292fdf7-a028-4244-9b8d-f99e5e2a4f4f,Protein,Cold cut,,,,425,21.7,
Edamame,0ca3bfea-156d-4e3b-8a10-46eef8ebacf6,Protein,Edamame,,,7.38,110,10.3,
Egg whites,a9e251b5-65df-4c81-b3c3-1fb32c08ba6f,Protein,Eggs,white,40,15.19,52,10.9,
Egg yolks,9dddfdd5-c11f-41cd-86d5-b10527791380,Protein,Eggs,yolk,17,15.19,332,15.9,
Eggs,a46d9f55-9f6e-4dcd-a12b-2519e95d9a25,Protein,Eggs,egg,50,15.19,143,12.6,
Anchovies,36cc686d-712f-414c-84f3-897528b22f5e,Protein,Fish,,,,131,20.4,
Bass,9a89bacc-d86f-45a6-9dfe-4c0c42264296,Protein,Fish,,,,114,18.9,
Catfish,02c9d401-ddbb-47ca-b0d8-c7d5b570b80e,Protein,Fish,fillet,159,,119,15.2,
Cod,2d1c2eb6-8017-479c-bc45-409e74a16da7,Protein,Fish,,,,82,17.8,
Eel,a0e4e9c0-8a49-4bad-8550-6f0e6b5dcaf2,Protein,Fish,fillet,204,,184,18.4,
Haddock,820218e0-3378-45b2-88a5-5515ef642e5d,Protein,Fish,fillet,193,,74,16.3,
Halibut,615d2990-ce22-49b6-a0e4-e4ebbb15e2f7,Protein,Fish,fillet,408,,91,18.6,
Herring,98bf0265-f0e1-4cbe-bb58-fa236a85ad10,Protein,Fish,fillet,184,,158,18,
Mackerel,2d65c258-a359-4d1a-8c63-80a66dd49dc5,Protein,Fish,fillet,112,,205,18.6,
Mahi Mahi,03e5acb7-4357-4135-ad10-b5cecd5bfe93,Protein,Fish,fillet,204,,85,18.5,
Monkfish,ff3a6e46-8df2-4d14-98ca-ad12d6f9193f,Protein,Fish,,,,76,14.5,
Mullet,1212e8ec-90c2-4aaa-be11-1bb7d8c7096b,Protein,Fish,fillet,119,,117,19.4,
Northern pike,cece9fde-9640-48ea-926c-18c4a5192021,Protein,Fish,fillet,396,,88,19.3,
Perch,c20280e6-6464-4aff-bb24-446f2e19f9d2,Protein,Fish,fillet,60,,91,19.4,
Rockfish,59394a99-a9d8-4ea0-9ffc-0f446501162d,Protein,Fish,fillet,191,,90,18.4,
Roughy,44024513-e9e4-4cb7-8692-3bda63662d5f,Protein,Fish,,,,76,16.4,
Salmon,73bda645-a255-4c04-a885-94033e827e02,Protein,Fish,,,,142,19.8,
Sardines,293a0a9e-b3d1-44d7-9e29-987ea6f45d49,Protein,Fish,,,,208,24.6,
Smoked salmon,878f5ed3-0314-4581-9fd4-d70d3d118546,Protein,Fish,,,,117,18.3,
Snapper,a56fb080-cf77-4745-98f1-1df176d7456a,Protein,Fish,fillet,218,,100,20.5,
Tilapia,ba0be165-3e60-4f2d-8d2b-ab32b73cef73,Protein,Fish,,,,96,20.1,
Tuna,60fca630-4f0c-440c-b49e-1479bb2f5648,Protein,Fish,,,,109,24.4,
Walleye,465df9c6-f366-46f5-9bf5-5c0a8e6350ef,Protein,Fish,fillet,159,,93,19.1,
Vital wheat gluten,907e44d0-fe67-4be7-a877-96190c91276a,Protein,Gluten,,,9,370,75.2,
Goat,94f4e286-eb76-48f8-898e-aa64ec12f13b,Protein,Goat,,,,109,20.6,
Ground beef (70/30) (cooked),6ecf6416-769f-4ac4-b2d7-5f91f0d5b38a,Protein,Ground meat,,,,238,22.9,
Ground beef (70/30) (raw),f46a70f7-9d46-479c-8862-34236d143b57,Protein,Ground meat,,,,332,14.4,
Ground beef (80/20) (cooked),9bffaf42-27e9-4647-b24d-9ce1de0cf5e3,Protein,Ground meat,,,,246,24,
Ground beef (80/20) (raw),a4b88ce7-f0a3-4820-8c1d-3f2e0bbd665c,Protein,Ground meat,,,,254,17.2,
Ground beef (90/10) (cooked),cf553e32-f57d-48fb-a3da-e16b3db0f19d,Protein,Ground meat,,,,204,25.2,
Ground beef (90/10) (raw),514a994d-b7a3-425b-a14e-1488a0e1d268,Protein,Ground meat,,,,176,20,
Ground lamb (cooked),7f1d292a-3cb6-40ec-8443-3703d98b0549,Protein,Ground meat,,,,283,24.8,
Ground lamb (raw),f0f15779-4e8a-41b0-849f-ef803503f500,Protein,Ground meat,,,,282,16.6,
Ground pork (84/16) (cooked),edefd7e4-b9c6-4007-ae84-846397f69ed3,Protein,Ground meat,,,,289,26.7,
Ground pork (84/16) (raw),6f8a967c-c259-4a8d-9fa4-675742a4f266,Protein,Ground meat,,,,218,18,
Ground pork (96/4) (cooked),89621234-a545-4f7c-bcac-bacd1a94c53e,Protein,Ground meat,,,,185,31.7,
Ground pork (96/4) (raw),9a8816a3-d1cf-4f79-947c-559e6260c32c,Protein,Ground meat,,,,121,21.1,
Ground turkey (85/15) (cooked),d9640b11-032d-47bc-b839-c4818bd8944a,Protein,Ground meat,,,,249,25.9,
Ground turkey (85/15) (raw),2795768f-aee3-47a3-ae2e-477eace2cc93,Protein,Ground meat,,,,180,16.9,
Ground turkey (93/7) (cooked),89ee0b7b-9493-48a1-a393-c1052c40cd89,Protein,Ground meat,,,,213,27.1,
Ground turkey (93/7) (raw),28feb949-c8cc-4645-905a-be8c1c68e9bc,Protein,Ground meat,,,,150,18.7,
Beef jerky,c2e8f1c8-c090-46c0-b20b-3faab1128ebb,Protein,Jerky,piece,20,,320,39.3,
Turkey jerky,4ca0b0f7-6418-44b5-b049-6d2e317a4760,Protein,Jerky,piece,28,,320,39.3,
Lamb leg (cooked),bf252749-4100-4c2f-b37b-06582c569100,Protein,Lamb,,,,217,26.7,
Lamb leg (raw),54048a4e-2cd9-4496-8579-0a274075288c,Protein,Lamb,,,,209,18.5,
Lamb loin (cooked),ab0f1703-20a7-4f84-933b-2bcdd393ae65,Protein,Lamb,,,,316,25.2,
Lamb loin (raw),c308f53f-b6c1-463c-a85d-bcb5583fd095,Protein,Lamb,,,,143,20.9,
Lamb shoulder (cooked),fda562ab-ade4-4317-9fbe-84eefecc57c4,Protein,Lamb,,,,211,25.5,
Lamb shoulder (raw),a09c7901-3af3-4046-a762-844fbf1807de,Protein,Lamb,,,,151,19.3,
Lentils (cooked),a668ced5-09c5-4968-a51e-d1e114df34d1,Protein,Lentil,,,12.38,114,9,
Lentils (dry),37e907a8-8a3b-4cfb-bfd4-fcebb80b112a,Protein,Lentil,,,12,352,24.6,
Beef liver (cooked),18986bee-0c5f-435c-9488-c0970fe19a9f,Protein,Organ meat,,,,191,29.1,
Beef liver (raw),f3c63d1d-4d51-4cd5-a6d3-a679da233db1,Protein,Organ meat,,,,135,20.4,
Chicken liver (cooked),2a578f8d-655f-4265-96a2-bf17d2e05d5c,Protein,Organ meat,,,,167,24.5,
Chicken liver (raw),c9de0e4f-5a93-4c94-9aee-ae98f649bd2c,Protein,Organ meat,,,,119,16.9,
Split peas,6093cd76-09ea-469e-b5d3-872543a3ba47,Protein,Pea,,,12.31,352,23.8,
Bacon,61ee7896-2516-4351-99eb-1a2b808bca69,Protein,Pork,strip,12,,417,12.6,
Chorizo,a290ca0d-b5da-46c1-b09b-8a687c74a0a9,Protein,Pork,,,,455,24.1,
Pepperoni,a80acfcc-e5ac-4df8-be86-76ab9248cfd3,Protein,Pork,,,,494,22.9,
Pork belly (cooked),9911be44-454b-4681-960f-63891bff6070,Protein,Pork,,,,712.25,12.7875,
Pork belly (raw),4f8cf406-4277-491f-b48f-468d1056c006,Protein,Pork,,,,518,9.3,
Pork chops (cooked),861e0973-af51-4389-8a34-5dafbd4fb520,Protein,Pork,,,,222,26.4,
Pork chops (raw),e8481c14-f27b-46b9-bc76-d08770c8e762,Protein,Pork,,,,133,22.5,
Pork leg (cooked),1bc9ef74-a5bd-4c30-a9c9-0376ddc06a81,Protein,Pork,,,,273,26.8,
Pork leg (raw),7ebab166-c22f-46d4-b4df-a6f043758f89,Protein,Pork,,,,198.545454545455,19.4909090909091,
Pork loin (cooked),ab654ce1-8d34-4808-bb84-630e38fe9070,Protein,Pork,,,,242,27,
Pork loin (raw),4b0ba334-e350-461f-b679-0ad6386afb97,Protein,Pork,,,,193.6,21.6,
Pork shoulder (cooked),e08b0762-1f6f-434f-8959-7a9d6aee9192,Protein,Pork,,,,280,20.4,
Pork shoulder (raw),4ef78e7b-e03e-435c-996e-555a2f8d788b,Protein,Pork,,,,236,17.2,
Prosciutto,23edd27c-1067-4df1-ae6d-bbcab57a80f2,Protein,Pork,slice,12.75,,200,24,
Sausage,d059b516-18a8-4282-9120-60cad4b47e89,Protein,Pork,,,,301,12,
Brown rice protein powder,82823ec1-41ed-4b56-9491-6888e5ff8998,Protein,Protein powder,scoop,25,,440,96,
Casein protein powder,85e130a3-f151-44ed-9644-020bc95eb809,Protein,Protein powder,scoop,30,,366.67,76.67,
Hemp protein powder,62195aaa-ea1e-4e3b-a0ad-52239643444d,Protein,Protein powder,,,7.75,387.1,45.16,
Pea protein powder,f8fdbba5-48e1-4284-b5c9-05017c17f96c,Protein,Protein powder,scoop,25,,400,84,
Soy protein powder,cedb5f78-440e-445d-b642-8da035da59f1,Protein,Protein powder,scoop,30,,366.67,86.67,
Whey protein powder,fcc6c8de-230d-44d6-946a-283b3d4baf13,Protein,Protein powder,scoop,25,,400,76,
Lamb ribs (cooked),904cac09-9da3-4038-8f23-607743a414ab,Protein,Ribs,,,,232,26.2,
Lamb ribs (raw),e1d7b0cd-4df4-4edf-a700-7061b9e7838e,Protein,Ribs,,,,169,20,
Pork ribs (cooked),de4ffacd-23f4-459e-b21d-2989f4ce5fc0,Protein,Ribs,,,,359,21.8,
Pork ribs (raw),a1100a3a-290b-4989-88e6-dd8f0c14534a,Protein,Ribs,,,,189,19.3,
Ribs (cooked),be32122f-3368-46a8-b52a-6f371e236aeb,Protein,Ribs,,,,350.44,22.19,
Ribs (raw),b29e6e0e-658d-404f-bbc0-561cb807e008,Protein,Ribs,,,,265.49,16.81,
Abalone,04c76d37-d4d0-4bd7-86c3-2d47e87be543,Protein,Shellfish,,,,105,17.1,
Clams,2133b0a7-1ebe-48c1-b70f-bf0d7aacf2f9,Protein,Shellfish,clam,14.5,,86,14.7,
Crab,919dca74-a5ce-4795-8b44-6795d0205ea9,Protein,Shellfish,,,,87,18.1,
Crayfish,1173dd61-fee2-447b-ac15-9ebe664058b7,Protein,Shellfish,crayfish,2.6,,77,16,
Lobster,e8dfaa0c-9343-4e6b-a3cd-d508a5707bcb,Protein,Shellfish,lobster,175,,77,16.5,
Mussels,4f24ae65-3016-4948-8bfd-882389e28602,Protein,Shellfish,mussel,16,,86,11.9,
Octopus,2c2b04b8-2268-470c-9b9a-3db618f93132,Protein,Shellfish,,,,82,14.9,
Oysters,6db9eac9-df40-4bc9-8c15-68d62e69896a,Protein,Shellfish,oyster,14,,59,5.2,
Prawns,e6752a30-21d4-4d12-8d94-ab346f929610,Protein,Shellfish,,,,115,25,
Scallops,67b693a2-d95e-4c35-89b8-aee7c9662068,Protein,Shellfish,scallop,15,,69,12.1,
Shrimp,de2149ed-5a0d-41ca-aabf-d8b0109cceb3,Protein,Shellfish,shrimp,6,,71,13.6,
Squid,47ec3609-66ad-48ae-aea4-23a4843fc3bc,Protein,Shellfish,,,,92,15.6,
Natto,9d4af3b9-70c1-470f-a467-df0d0114dcf5,Protein,Soy,,,10.94,212,17.7,
Tempeh,bc152fb1-3492-4c8b-a991-87a9a0c4f536,Protein,Soy,,,10.38,193,18.5,
Textured vegetable protein,85e67b1c-2d70-4b37-81bc-3efa2629077c,Protein,Soy,,,3.75,400,60,
Tofu,4ebe99c5-3293-4abd-bee9-7ce7c7e59cf2,Protein,Soy,,,15.75,62,6.9,
Turkey breast with skin (cooked),45fb957e-2039-4892-aaf4-09a76b833cd9,Protein,Turkey,,,,153,29.1,
Turkey breast with skin (raw),f70efeba-8d80-4455-bbda-a7a8350cc702,Protein,Turkey,,,,125,23.8,
Turkey breast without skin (cooked),2598eecd-b847-408c-ae25-d0377e7dc363,Protein,Turkey,,,,147,30.1,
Turkey breast without skin (raw),e0fcb751-b6fe-447d-af38-e32cbf40ae9a,Protein,Turkey,,,,114,23.7,
Turkey leg with skin (cooked),4c26eac7-4c2d-4e83-a767-69f5d093196a,Protein,Turkey,,,,170,28.5,
Turkey leg with skin (raw),4f47d867-e0e7-4a55-b177-cd987d07fcfc,Protein,Turkey,,,,118,20.1,
Turkey leg without skin (cooked),c94be5a7-bece-47a8-b5b5-f815bd4b7239,Protein,Turkey,,,,159,29.2,
Turkey leg without skin (raw),4e91714f-9240-4679-98b6-94070c411d26,Protein,Turkey,,,,108,20.4,
Turkey wing with skin (cooked),b32cda03-c03b-4dd3-a25a-219725c43689,Protein,Turkey,,,,207,27.7,
Turkey wing with skin (raw),2414ce9d-01c5-47aa-828b-acd2010569d9,Protein,Turkey,,,,159,20.9,
Turkey wing without skin (cooked),460aa08f-feb9-48f1-946a-542e4bf9c0d4,Protein,Turkey,,,,147,30.1,
Turkey wing without skin (raw),12064604-e7a6-499d-ac10-0aeec64d315b,Protein,Turkey,,,,114,23.7,
Basil,b6fb3ad2-dc77-4d76-a8f0-847448f51a4c,Vegetable,Herb,,,2.65,23,3.2,
Cilantro,8b3815a8-1624-45fa-9129-14e8db327c34,Vegetable,Herb,,,1,23,2.1,
Dill,24bdfa6f-3ab3-46d4-9a57-f78a85128fa3,Vegetable,Herb,,,0.55,43,3.5,
Mint,4c5ee22f-ad00-4d4f-94f7-5fe2bdd30903,Vegetable,Herb,leaf,0.1,1.6,70,3.8,
Parsley,b9cbfdbd-8ccd-455f-83cf-41d92a024d56,Vegetable,Herb,,,3.8,36,3,
Peppermint,2aac2f2a-782b-4fb9-ae4a-297a88456a68,Vegetable,Herb,,,,70,3.8,
Rosemary,3ce0129b-29b6-428f-b0b3-e8dec0172842,Vegetable,Herb,,,1.7,131,3.3,
Thyme,5d0f163b-d523-49fb-9b4f-f5c2b015c48c,Vegetable,Herb,,,2.4,101,5.6,
Arugula,4875432b-e38e-4c04-b80d-ac3d9eaa9b9b,Vegetable,Leafy green,leaf,2,1.25,25,2.6,
Beet greens,48d873ef-330e-4434-929e-083bc963556d,Vegetable,Leafy green,leaf,32,2.38,22,2.2,
Bok choy,86346322-330c-496a-aaa2-c402e454dac2,Vegetable,Leafy green,,,,11.9,1.2,
Chives,ad8b9d84-a04c-4fc4-be25-2bb5a1e6cb70,Vegetable,Leafy green,,,3,30,3.3,
Collard greens,237d07a6-48a4-4877-98b8-6490d8c5eb43,Vegetable,Leafy green,,,,32,3,
Kale,ea7a6534-fd23-4e47-968c-50c28ddd6efd,Vegetable,Leafy green,,,4.19,49,4.3,
Mustard greens,1d85d756-214a-4961-b117-4b3ecf604ccd,Vegetable,Leafy green,,,3.5,27,2.9,
Seaweed,584e2aef-a888-4877-92e9-065c46c695bc,Vegetable,Leafy green,,,5,43,1.7,
Spinach,d545a2a0-c827-4851-9d52-7f4994dfaf7a,Vegetable,Leafy green,leaf,10,1.88,23,2.9,
Swiss chard,ac80091f-075c-4aae-9ad8-129e0bd64e8f,Vegetable,Leafy green,,,,19,1.8,
Turnip greens,0467b0a2-47fc-4894-a7be-7b5843edfebc,Vegetable,Leafy green,,32,,32,1.5,
Watercress,109446c9-0222-4fd3-ad40-16e110e399d9,Vegetable,Leafy green,sprig,2.5,2.13,11,2.3,
Boston lettuce,cf022406-7fef-4dd5-835e-f71d84c0211f,Vegetable,Lettuce,head,163,3.44,13,1.4,
Butter lettuce,a802bf14-f07a-4214-a31c-0dea26efd1ea,Vegetable,Lettuce,head,163,3.44,13,1.4,
Green leaf lettuce,b4b91c81-f845-48d9-8285-ee5218f4596c,Vegetable,Lettuce,head,360,2.25,15,1.4,
Iceberg lettuce,bf50b366-b736-4426-8bb8-868acdccb2ec,Vegetable,Lettuce,head,539,3.56,14,0.9,
Red leaf lettuce,f2694dbe-0776-4ac7-8055-bab7e85aed00,Vegetable,Lettuce,head,309,1.75,16,1.3,
Romaine lettuce,09adbe25-693e-4318-ab05-3c00ea8384d2,Vegetable,Lettuce,head,626,2.94,17,1.2,
Green peas,47086e7a-dc56-4dfd-a207-a35124722249,Vegetable,Pea,,,3.95,41.7,2.4,
Snow pea,1f90da76-a873-4299-9460-9a1edc9ad351,Vegetable,Pea,,,3.95,41.7,2.4,
Sugar snap peas,62e547fc-d453-430c-9dd0-ffbff4b14ff3,Vegetable,Pea,,,3.95,41.7,2.4,
Chili peppers,fdeb19dc-ad46-4152-aaf1-ee9fb1ed5b44,Vegetable,Pepper,chili pepper,45,8.69,40,2,
Green bell pepper,e0a8a542-90fa-4765-ba86-87020747f545,Vegetable,Pepper,pepper,119,9.31,20,0.9,
Jalapeno peppers,f60aac19-29d7-473f-bfc9-47a52a8d9ef1,Vegetable,Pepper,jalapeno,14,5.63,29,0.9,
Poblano pepper,4d89e8c2-eef3-49e4-a5ac-d9008cb1f388,Vegetable,Pepper,pepper,63,7.1875,27,0.89,
Red bell pepper,cb132b54-43bb-4612-84b3-7f285bad7c73,Vegetable,Pepper,pepper,119,9.31,31,1,
Serrano pepper,3024d005-20de-4f39-9fa0-f94c38402ae3,Vegetable,Pepper,pepper,,6.1,32,1.7,
Acorn squash,6c17712b-4759-402e-a7af-962d8c4d87e6,Vegetable,Vegetable,squash,431,8.75,40,0.8,
Alfalfa sprouts,b3490622-8f19-419b-bbba-d2b4e5d05be6,Vegetable,Vegetable,,,3,23,4,
Artichokes,e6c6b3d1-0e90-4f20-8ae9-eba1b6d1e29b,Vegetable,Vegetable,artichoke,128,,47,3.3,
Asparagus,c36644e0-1748-409a-b59d-787594908bea,Vegetable,Vegetable,spear,16,8.38,20,2.2,
Bean sprouts,316e73a3-d43e-44ca-95f4-6084fbf68c81,Vegetable,Vegetable,,,3,23,4,
Beets,49d55135-2f95-48e9-866e-1f42405d34a5,Vegetable,Vegetable,beet,82,8.5,43,1.6,
Broccoli,dbdef410-e89c-450c-a024-9fdcb4c7a0c4,Vegetable,Vegetable,bunch,608,5.69,34,2.8,
Broccoli rabe,e289e32d-4f41-41db-85c0-91866c57912e,Vegetable,Vegetable,stalk,19,,21.2,3.2,
Brussels sprouts,44c0e99a-3df3-4f78-b5e5-f928d0760c3f,Vegetable,Vegetable,sprout,19,5.5,43,3.4,
Butternut squash,2e52a74a-c1be-4a76-b828-912489d6bd08,Vegetable,Vegetable,squash,453.5,8.75,45,1,
Capers,0ef1c51d-3740-4172-b6d9-c4c0151913a1,Vegetable,Vegetable,,,9,23,2.4,
Carrots,62bb7a40-c97a-4d51-9531-16cc16e56437,Vegetable,Vegetable,carrot,61,8,41,0.9,
Cassava,bc9200e0-ecb1-4862-98b6-744af4081915,Vegetable,Vegetable,root,652.8,12.88,1600,1.4,
Cauliflower,dc995900-85a0-4f2f-aa99-39799084df24,Vegetable,Vegetable,head,588,6.69,25,1.9,
Celery,e90442c7-250b-47cd-8ec5-627ed2997a7e,Vegetable,Vegetable,stalk,40,7.5,16,0.7,
Cherry tomatoes,ae617350-4000-4a2c-aa9a-3f266164569e,Vegetable,Vegetable,tomato,3.1,9.25,18,0.9,
Chile peppers,7c7b0462-afca-4e31-b9f7-574b9cde1579,Vegetable,Vegetable,,,8.69,21,0.7,
Corn,58916da1-e86f-47a4-8ea3-a73263f9f142,Vegetable,Vegetable,cob,102,10.25,86,3.3,
Cucumber,77cc2def-af96-4172-a3b8-5c5982d8b893,Vegetable,Vegetable,cucumber,201,6.5,15,0.7,
Eggplant,baa311d8-668c-4a1a-b7bd-f204b0182d1d,Vegetable,Vegetable,eggplant,548,5.13,25,1,
Endive,644e26ca-d120-4843-9745-c21b3cace78d,Vegetable,Vegetable,head,513,3.13,17,1.3,
Escarole,971575c8-aa12-4d99-9d51-459f11c7be98,Vegetable,Vegetable,head,513,3.13,17,1.3,
Fennel,012d0ad8-baef-434c-994e-1d1bfb3f455c,Vegetable,Vegetable,bulb,234,5.44,31,1.2,
Garlic,72c25b32-590a-4eea-9517-7f6856c506ea,Vegetable,Vegetable,clove,3,8.5,149,6.4,
Ginger,8a5f0cd9-aa0e-409c-8858-0562914bf4f7,Vegetable,Vegetable,,,6,80,1.8,
Green beans,d70478f3-5323-4be1-94a2-a592a20ac602,Vegetable,Vegetable,bean,5.5,6.25,31,1.8,
Green cabbage,70d2eab2-660c-465a-9bda-f0dbae373df3,Vegetable,Vegetable,cabbage,908,5.56,25,1.3,
Green onions,ea8a85e7-0877-4b72-8156-3022b56fd89e,Vegetable,Vegetable,onion,15,6,32,1.8,Scallion
Heart of palm,f7ce5737-1a76-4a78-ae42-0acd6ab5fc10,Vegetable,Vegetable,piece,33,2.6,28,2.5,
Jicama,c69f34cf-9960-4e74-934f-65bf9da356d0,Vegetable,Vegetable,slice,6,8.125,38,0.7,Yambean
Kohlrabi,500fdbc1-8d99-49bd-b77f-752a785e47e4,Vegetable,Vegetable,slice,16,8.44,27,1.7,
Leeks,1eea56cc-1309-4b77-a92c-506b517c66de,Vegetable,Vegetable,leek,89,5.56,61,1.5,
Napa cabbage,0b13f015-5759-40e6-a0aa-aa8d7a2ab14a,Vegetable,Vegetable,cabbage,,,22.2,2.2,
Okra,e73b457d-e166-4437-81f0-30ccf72e4906,Vegetable,Vegetable,pod,11.8,6.25,33,1.9,
Onions,81e0cc24-c034-4e0d-93c6-e8c4b64b371d,Vegetable,Vegetable,onion,110,10,40,1.1,
Parsnips,a8957917-dafe-48b1-87b3-4818bf9bd315,Vegetable,Vegetable,parsnip,100,8.31,75,1.2,
Pickle,c441d1de-01f3-493b-8a06-d5bedb582db8,Vegetable,Vegetable,spear,35,8.94,12,0.5,
Pimento,47328881-876b-4d38-9632-246e2a7671a5,Vegetable,Vegetable,pimento ,66,12,23,1.1,
Portabella mushrooms,57a2070d-17cc-4001-b167-ad085ce79e25,Vegetable,Vegetable,mushroom,84,5.38,22,2.1,
Pumpkin,e8342d0c-ec9a-4be1-bc05-5d10bb07ecff,Vegetable,Vegetable,pumpkin,2268,7.25,26,1,
Radicchio,0ee2e4f6-e854-416d-b2d8-0ca61cae2404,Vegetable,Vegetable,radicchio,1.8,2.5,23,1.4,
Radishes,3dc9b214-073a-431d-9d50-91c7575816f2,Vegetable,Vegetable,radish,4.5,7.25,16,0.7,
Red cabbage,5ded7c71-0b59-42e8-b0d1-3b750c7fbd14,Vegetable,Vegetable,cabbage,839,5.56,31,1.4,
Red potato,8d530707-8095-4b24-a42a-318556b0f641,Vegetable,Vegetable,potato,170,6.6,70,1.9,
Russet potato,42066832-1491-4f32-84aa-b244da9db44d,Vegetable,Vegetable,potato,369,7.4,79,2.1,
Rutabaga,17985ede-0e3c-4d03-be8f-02fcca5209c3,Vegetable,Vegetable,rutabaga,772,8.75,37,1.1,
Shallots,fb2a9b7f-4719-4aca-bdff-f8cf5c121f33,Vegetable,Vegetable,shallot,42.5,10,72,2.5,
Shiitake mushrooms,3d4b2272-840f-49ca-8e19-46e49a55c51d,Vegetable,Vegetable,mushroom,19,4.35,34,2.2,
Spaghetti squash,b2a5e1cd-c350-4771-9faf-3c5a6413efca,Vegetable,Vegetable,,,6.31,31,0.6,
Summer squash,6d920ced-2349-4ca6-a829-e9165c24d95f,Vegetable,Vegetable,squash,196,7.06,16,1.2,
Sweet potato,79f53176-9a10-4116-b05f-ecefe04c435a,Vegetable,Vegetable,sweet potato,130,8.31,86,1.6,
Taro,b8437dfc-b381-4841-901c-37462bf20052,Vegetable,Vegetable,,,6.5,112,1.5,
Tomatillo,23b2064b-8c22-4daf-a48a-af8ec628c39f,Vegetable,Vegetable,tomatillo,34,8.25,32,1,
Tomatoes,1855d3f7-9f8a-4c28-ab96-204b01c5b501,Vegetable,Vegetable,tomato,123,11.25,18,0.9,
Turnips,aa860e50-b946-41ea-8c60-dc1632dd7230,Vegetable,Vegetable,turnip,122,8.13,28,0.9,
Wasabi,c2a4bc44-f652-4b7c-ba08-c01b1e068abe,Vegetable,Vegetable,root,169,8.125,109,4.8,
White mushrooms,25da8662-44a8-4115-90f8-b354a38c5b5f,Vegetable,Vegetable,mushroom,19,4.35,22,3.1,
White potato,b382915a-207a-4cdc-a479-2f475be707aa,Vegetable,Vegetable,potato,369,9.38,77,2,
Yams,2262c8bf-b586-48fb-9630-455e2dadacf7,Vegetable,Vegetable,yam,420,9.38,118,1.5,
Zucchini,8550c507-7ccf-4fe0-b095-26a34762e343,Vegetable,Vegetable,zucchini,196,7.75,17,1.2,